/Now/index.{html} /Now/
/index.html /
/Journal/07-2023/Statistics-personal-projects/index.{html} /Journal/07-2023/Statistics-personal-projects/
/Efficient-genome-editing-in-the-mouse-brain-by-local-delivery-of-engineered-Cas9-RNP-complexes/index.{html} /Efficient-genome-editing-in-the-mouse-brain-by-local-delivery-of-engineered-Cas9-RNP-complexes/
/Journal/07-2023/Serendipity-file-management-health/index.{html} /Journal/07-2023/Serendipity-file-management-health/
/Journal/08-2023/Bentoism/index.{html} /Journal/08-2023/Bentoism/
/My-Values/index.{html} /My-Values/
/Quotes/index.{html} /Quotes/
/Yearly/2022-Mid-year-Check-in/index.{html} /Yearly/2022-Mid-year-Check-in/
/Books/For-Blood-and-Money/index.{html} /Books/For-Blood-and-Money/
/Cell-culture-tips/index.{html} /Cell-culture-tips/
/Yearly/2023-Initial-Goal-Setting/index.{html} /Yearly/2023-Initial-Goal-Setting/
/private/drafts/draft-the-cards-ive-been-dealt/index.{html} /private/drafts/draft-the-cards-ive-been-dealt/
/Journal/08-2023/What-does-success-mean-to-you/index.{html} /Journal/08-2023/What-does-success-mean-to-you/
/Journal/09-2023/The-Inner-Game-of-Tennis/index.{html} /Journal/09-2023/The-Inner-Game-of-Tennis/
/Journal/10-2023/What-kind-of-research-assistant-do-I-want-to-be/index.{html} /Journal/10-2023/What-kind-of-research-assistant-do-I-want-to-be/
/Yearly/2023-Mid-year-Check-in/index.{html} /Yearly/2023-Mid-year-Check-in/
/Books/The-Land-of-Open-Graves/index.{html} /Books/The-Land-of-Open-Graves/
/Journal/07-2023/Birth-of-this-Microblog/index.{html} /Journal/07-2023/Birth-of-this-Microblog/
/PDFs/A-programmable-dual-RNA-guided-DNA-endonuclease-in-adaptive-bacterial-immunity/index.{html} /PDFs/A-programmable-dual-RNA-guided-DNA-endonuclease-in-adaptive-bacterial-immunity/
/The-Impossible-List/index.{html} /The-Impossible-List/
/Books/A-Crack-in-Creation/index.{html} /Books/A-Crack-in-Creation/
/Books/Hell-Yeah-or-No/index.{html} /Books/Hell-Yeah-or-No/
/private/drafts/draft-mindsets-to-bring-into-new-position-as-ugrad-research-assistant/index.{html} /private/drafts/draft-mindsets-to-bring-into-new-position-as-ugrad-research-assistant/
/Biology/Flow-Cytometry/index.{html} /Biology/Flow-Cytometry/
/Journal/07-2023/Focus-Hell-Yeah-or-No/index.{html} /Journal/07-2023/Focus-Hell-Yeah-or-No/
/Man-Im-lucky/index.{html} /Man-Im-lucky/
/Reading-List/index.{html} /Reading-List/
/Yearly/2022-End-of-year-Review/index.{html} /Yearly/2022-End-of-year-Review/
/Books/Deep-Work/index.{html} /Books/Deep-Work/
/Books/Flow/index.{html} /Books/Flow/
/Journal/09-2023/feeling-comfortable-in-my-own-shoes/index.{html} /Journal/09-2023/feeling-comfortable-in-my-own-shoes/
/Yearly/2022-Initial-Goal-Setting/index.{html} /Yearly/2022-Initial-Goal-Setting/
/Yearly/Yearly-Goals/index.{html} /Yearly/Yearly-Goals/
/private/drafts/draft-Full-stack-scientist/index.{html} /private/drafts/draft-Full-stack-scientist/
/Excalidraw/Drawing-2023-07-31-20.31.04.excalidraw/index.{html} /Excalidraw/Drawing-2023-07-31-20.31.04.excalidraw/
/Journal/08-2023/Reading-is-pretty-darn-cool/index.{html} /Journal/08-2023/Reading-is-pretty-darn-cool/
/private/drafts/draft-feeling-comfortable-in-my-own-shoes/index.{html} /private/drafts/draft-feeling-comfortable-in-my-own-shoes/
/Biology/Biology-Stuff/index.{html} /Biology/Biology-Stuff/
/Glossary/index.{html} /Glossary/
